<?xml version="1.0" encoding="UTF-8"?>
<!--
 ~ Copyright (c) 2005-2010, WSO2 Inc. (http://www.wso2.org) All Rights Reserved.
 ~
 ~ WSO2 Inc. licenses this file to you under the Apache License,
 ~ Version 2.0 (the "License"); you may not use this file except
 ~ in compliance with the License.
 ~ You may obtain a copy of the License at
 ~
 ~    http://www.apache.org/licenses/LICENSE-2.0
 ~
 ~ Unless required by applicable law or agreed to in writing,
 ~ software distributed under the License is distributed on an
 ~ "AS IS" BASIS, WITHOUT WARRANTIES OR CONDITIONS OF ANY
 ~ KIND, either express or implied.  See the License for the
 ~ specific language governing permissions and limitations
 ~ under the License.
 -->
<!-- This file was auto-generated from WSDL -->
<!-- by the Apache Axis2 version: 1.5  Built on : Apr 30, 2009 (06:07:24 EDT) -->
<serviceGroup>
    <service name="SWSDPService">
        <module ref="rampart"/>
        <wsp:Policy wsu:Id="UTOverTransport"
                    xmlns:wsu="http://docs.oasis-open.org/wss/2004/01/oasis-200401-wss-wssecurity-utility-1.0.xsd"
                    xmlns:wsp="http://schemas.xmlsoap.org/ws/2004/09/policy">
            <wsp:ExactlyOne>
                <wsp:All>
                    <sp:TransportBinding
                            xmlns:sp="http://schemas.xmlsoap.org/ws/2005/07/securitypolicy">
                        <wsp:Policy>
                            <sp:TransportToken>
                                <wsp:Policy>
                                    <sp:HttpsToken RequireClientCertificate="false"/>
                                </wsp:Policy>
                            </sp:TransportToken>
                            <sp:AlgorithmSuite>
                                <wsp:Policy>
                                    <sp:Basic256/>
                                </wsp:Policy>
                            </sp:AlgorithmSuite>
                            <sp:Layout>
                                <wsp:Policy>
                                    <sp:Lax/>
                                </wsp:Policy>
                            </sp:Layout>
                            <sp:IncludeTimestamp/>
                        </wsp:Policy>
                    </sp:TransportBinding>
                    <sp:SupportingTokens
                            xmlns:sp="http://schemas.xmlsoap.org/ws/2005/07/securitypolicy">
                        <wsp:Policy>
                            <sp:UsernameToken
                                    sp:IncludeToken="http://schemas.xmlsoap.org/ws/2005/07/securitypolicy/IncludeToken/AlwaysToRecipient"/>
                        </wsp:Policy>
                    </sp:SupportingTokens>

                    <ramp:RampartConfig xmlns:ramp="http://ws.apache.org/rampart/policy">
                        <ramp:user>alice</ramp:user>
                        <ramp:passwordCallbackClass>org.wso2.bps.samples.util.PWCBHandler
                        </ramp:passwordCallbackClass>
                    </ramp:RampartConfig>
                </wsp:All>
            </wsp:ExactlyOne>
        </wsp:Policy>
    </service>
</serviceGroup>